State,Random,Player,Redirection,Name,Content,Button action 1,Button content 1,Button redirection 1,Button action 2,Button content 2,Button redirection 2,Button action 3,Button content 3,Button redirection 3
0,0,0,-1,Rock,"잠깐만요, 멈추세요! 공격하지 말아요!",,,,,,,,,
0,0,0,-1,Rock,저는 몬스터가 아닙니다! 잠시만 무기를 내리시고 제 얘기를 들어보세요!,,,,,,,,,
0,0,1,-1,You,(무기를 들고 있지는 않아. 일단 무슨 말을 하는지 들어나 보자.),,,,,,,,,
0,0,0,-1,Rock,[Text],,,,-1,,,,,
0,0,0,1,Rock,[Text],,,,-1,,,,,
1,0,0,-1,Rock,[Text],,,,-1,,,,,
1,0,0,-1,Rock,[Text],,,,-1,,,,,
1,0,0,-1,Rock,[Text],-1,Test1,2,-1,Test2,2,-1,Test3,2
1,0,0,1,Rock,[Text],0,Test,1,0,Test,1,0,Test,1
